,accuracy_score,f1_score,precision_score,recall_score
LogisticRegression + CountVectorizer,0.9899894625922023,0.984375,0.9991652754590985,0.9700162074554295
SVC + CountVectorizer,0.9897260273972602,0.9839638157894737,0.9987479131886478,0.9696110210696921
LogisticRegression + TfidfVectorizer,0.9889357218124342,0.9827160493827161,0.9983277591973244,0.9675850891410048
MultinomialNB + TfidfVectorizer,0.9828767123287672,0.973769168684423,0.969855305466238,0.9777147487844409
MultinomialNB + CountVectorizer,0.9780031612223393,0.9664994984954866,0.9570917759237187,0.9760940032414911
SVC + TfidfVectorizer,0.6574025289778714,0.6538922155688623,0.4868238557558946,0.9955429497568882
KNeighborsClassifier + TfidfVectorizer,0.4915700737618546,0.5474794841735052,0.38518640712636093,0.9461102106969206
KNeighborsClassifier + CountVectorizer,0.48998946259220233,0.5575868372943328,0.38828771483131763,0.9886547811993517
